dataset,run_dir,model,detection_round,threshold,mode,seed,candidate_count,candidate_target_count,candidate_target_prevalence,cumulative_selected_count,cumulative_target_count,cumulative_target_fraction,concentration_ratio,flagged,is_target_mode
b18_materials_greedy_mlp,runs/20260529T113213Z_b18-materials-disttrigger-dim32-s001-25swap-bg1024-mlp-tabm-10seed-80ep,mlp,1,0.44264150943396224,clean,0,2346,54,0.023017902813299233,100,0,0.0,0.0,False,False
b18_materials_greedy_mlp,runs/20260529T113213Z_b18-materials-disttrigger-dim32-s001-25swap-bg1024-mlp-tabm-10seed-80ep,mlp,1,0.44264150943396224,clean,1,2346,54,0.023017902813299233,100,0,0.0,0.0,False,False
b18_materials_greedy_mlp,runs/20260529T113213Z_b18-materials-disttrigger-dim32-s001-25swap-bg1024-mlp-tabm-10seed-80ep,mlp,1,0.44264150943396224,clean,2,2346,54,0.023017902813299233,100,0,0.0,0.0,False,False
b18_materials_greedy_mlp,runs/20260529T113213Z_b18-materials-disttrigger-dim32-s001-25swap-bg1024-mlp-tabm-10seed-80ep,mlp,1,0.44264150943396224,clean,3,2346,54,0.023017902813299233,100,0,0.0,0.0,False,False
b18_materials_greedy_mlp,runs/20260529T113213Z_b18-materials-disttrigger-dim32-s001-25swap-bg1024-mlp-tabm-10seed-80ep,mlp,1,0.44264150943396224,clean,4,2346,54,0.023017902813299233,100,0,0.0,0.0,False,False
b18_materials_greedy_mlp,runs/20260529T113213Z_b18-materials-disttrigger-dim32-s001-25swap-bg1024-mlp-tabm-10seed-80ep,mlp,1,0.44264150943396224,clean,5,2346,54,0.023017902813299233,100,0,0.0,0.0,False,False
b18_materials_greedy_mlp,runs/20260529T113213Z_b18-materials-disttrigger-dim32-s001-25swap-bg1024-mlp-tabm-10seed-80ep,mlp,1,0.44264150943396224,clean,6,2346,54,0.023017902813299233,100,0,0.0,0.0,False,False
b18_materials_greedy_mlp,runs/20260529T113213Z_b18-materials-disttrigger-dim32-s001-25swap-bg1024-mlp-tabm-10seed-80ep,mlp,1,0.44264150943396224,clean,7,2346,54,0.023017902813299233,100,0,0.0,0.0,False,False
b18_materials_greedy_mlp,runs/20260529T113213Z_b18-materials-disttrigger-dim32-s001-25swap-bg1024-mlp-tabm-10seed-80ep,mlp,1,0.44264150943396224,clean,8,2346,54,0.023017902813299233,100,0,0.0,0.0,False,False
b18_materials_greedy_mlp,runs/20260529T113213Z_b18-materials-disttrigger-dim32-s001-25swap-bg1024-mlp-tabm-10seed-80ep,mlp,1,0.44264150943396224,clean,9,2346,54,0.023017902813299233,100,0,0.0,0.0,False,False
b18_materials_greedy_mlp,runs/20260529T113213Z_b18-materials-disttrigger-dim32-s001-25swap-bg1024-mlp-tabm-10seed-80ep,mlp,1,0.44264150943396224,random_swap,0,2346,54,0.023017902813299233,100,0,0.0,0.0,False,False
b18_materials_greedy_mlp,runs/20260529T113213Z_b18-materials-disttrigger-dim32-s001-25swap-bg1024-mlp-tabm-10seed-80ep,mlp,1,0.44264150943396224,random_swap,1,2346,54,0.023017902813299233,100,0,0.0,0.0,False,False
b18_materials_greedy_mlp,runs/20260529T113213Z_b18-materials-disttrigger-dim32-s001-25swap-bg1024-mlp-tabm-10seed-80ep,mlp,1,0.44264150943396224,random_swap,2,2346,54,0.023017902813299233,100,0,0.0,0.0,False,False
b18_materials_greedy_mlp,runs/20260529T113213Z_b18-materials-disttrigger-dim32-s001-25swap-bg1024-mlp-tabm-10seed-80ep,mlp,1,0.44264150943396224,random_swap,3,2346,54,0.023017902813299233,100,0,0.0,0.0,False,False
b18_materials_greedy_mlp,runs/20260529T113213Z_b18-materials-disttrigger-dim32-s001-25swap-bg1024-mlp-tabm-10seed-80ep,mlp,1,0.44264150943396224,random_swap,4,2346,54,0.023017902813299233,100,0,0.0,0.0,False,False
b18_materials_greedy_mlp,runs/20260529T113213Z_b18-materials-disttrigger-dim32-s001-25swap-bg1024-mlp-tabm-10seed-80ep,mlp,1,0.44264150943396224,random_swap,5,2346,54,0.023017902813299233,100,0,0.0,0.0,False,False
b18_materials_greedy_mlp,runs/20260529T113213Z_b18-materials-disttrigger-dim32-s001-25swap-bg1024-mlp-tabm-10seed-80ep,mlp,1,0.44264150943396224,random_swap,6,2346,54,0.023017902813299233,100,0,0.0,0.0,False,False
b18_materials_greedy_mlp,runs/20260529T113213Z_b18-materials-disttrigger-dim32-s001-25swap-bg1024-mlp-tabm-10seed-80ep,mlp,1,0.44264150943396224,random_swap,7,2346,54,0.023017902813299233,100,0,0.0,0.0,False,False
b18_materials_greedy_mlp,runs/20260529T113213Z_b18-materials-disttrigger-dim32-s001-25swap-bg1024-mlp-tabm-10seed-80ep,mlp,1,0.44264150943396224,random_swap,8,2346,53,0.022591645353793693,100,1,0.01,0.44264150943396224,False,False
b18_materials_greedy_mlp,runs/20260529T113213Z_b18-materials-disttrigger-dim32-s001-25swap-bg1024-mlp-tabm-10seed-80ep,mlp,1,0.44264150943396224,random_swap,9,2346,54,0.023017902813299233,100,0,0.0,0.0,False,False
b18_materials_greedy_mlp,runs/20260529T113213Z_b18-materials-disttrigger-dim32-s001-25swap-bg1024-mlp-tabm-10seed-80ep,mlp,1,0.44264150943396224,targeted_swap,0,2346,13,0.005541346973572037,100,41,0.41,73.98923076923077,True,True
b18_materials_greedy_mlp,runs/20260529T113213Z_b18-materials-disttrigger-dim32-s001-25swap-bg1024-mlp-tabm-10seed-80ep,mlp,1,0.44264150943396224,targeted_swap,1,2346,15,0.00639386189258312,100,40,0.4,62.56,True,True
b18_materials_greedy_mlp,runs/20260529T113213Z_b18-materials-disttrigger-dim32-s001-25swap-bg1024-mlp-tabm-10seed-80ep,mlp,1,0.44264150943396224,targeted_swap,2,2346,13,0.005541346973572037,100,42,0.42,75.79384615384616,True,True
b18_materials_greedy_mlp,runs/20260529T113213Z_b18-materials-disttrigger-dim32-s001-25swap-bg1024-mlp-tabm-10seed-80ep,mlp,1,0.44264150943396224,targeted_swap,3,2346,14,0.005967604433077579,100,40,0.4,67.02857142857144,True,True
b18_materials_greedy_mlp,runs/20260529T113213Z_b18-materials-disttrigger-dim32-s001-25swap-bg1024-mlp-tabm-10seed-80ep,mlp,1,0.44264150943396224,targeted_swap,4,2346,14,0.005967604433077579,100,40,0.4,67.02857142857144,True,True
b18_materials_greedy_mlp,runs/20260529T113213Z_b18-materials-disttrigger-dim32-s001-25swap-bg1024-mlp-tabm-10seed-80ep,mlp,1,0.44264150943396224,targeted_swap,5,2346,14,0.005967604433077579,100,41,0.41,68.70428571428572,True,True
b18_materials_greedy_mlp,runs/20260529T113213Z_b18-materials-disttrigger-dim32-s001-25swap-bg1024-mlp-tabm-10seed-80ep,mlp,1,0.44264150943396224,targeted_swap,6,2346,13,0.005541346973572037,100,41,0.41,73.98923076923077,True,True
b18_materials_greedy_mlp,runs/20260529T113213Z_b18-materials-disttrigger-dim32-s001-25swap-bg1024-mlp-tabm-10seed-80ep,mlp,1,0.44264150943396224,targeted_swap,7,2346,11,0.004688832054560955,100,43,0.43,91.70727272727272,True,True
b18_materials_greedy_mlp,runs/20260529T113213Z_b18-materials-disttrigger-dim32-s001-25swap-bg1024-mlp-tabm-10seed-80ep,mlp,1,0.44264150943396224,targeted_swap,8,2346,17,0.007246376811594203,100,38,0.38,52.44,True,True
b18_materials_greedy_mlp,runs/20260529T113213Z_b18-materials-disttrigger-dim32-s001-25swap-bg1024-mlp-tabm-10seed-80ep,mlp,1,0.44264150943396224,targeted_swap,9,2346,14,0.005967604433077579,100,40,0.4,67.02857142857144,True,True
b19_gfp_greedy_mlp,runs/20260529T115315Z_b19-gfp-pos27-disttrigger-dim32-s003-25swap-bg2048-mlp-tabm-10seed-80ep,mlp,1,0.9502092050209205,clean,0,45420,240,0.005284015852047556,200,0,0.0,0.0,False,False
b19_gfp_greedy_mlp,runs/20260529T115315Z_b19-gfp-pos27-disttrigger-dim32-s003-25swap-bg2048-mlp-tabm-10seed-80ep,mlp,1,0.9502092050209205,clean,1,45420,240,0.005284015852047556,200,0,0.0,0.0,False,False
b19_gfp_greedy_mlp,runs/20260529T115315Z_b19-gfp-pos27-disttrigger-dim32-s003-25swap-bg2048-mlp-tabm-10seed-80ep,mlp,1,0.9502092050209205,clean,2,45420,240,0.005284015852047556,200,0,0.0,0.0,False,False
b19_gfp_greedy_mlp,runs/20260529T115315Z_b19-gfp-pos27-disttrigger-dim32-s003-25swap-bg2048-mlp-tabm-10seed-80ep,mlp,1,0.9502092050209205,clean,3,45420,240,0.005284015852047556,200,0,0.0,0.0,False,False
b19_gfp_greedy_mlp,runs/20260529T115315Z_b19-gfp-pos27-disttrigger-dim32-s003-25swap-bg2048-mlp-tabm-10seed-80ep,mlp,1,0.9502092050209205,clean,4,45420,240,0.005284015852047556,200,0,0.0,0.0,False,False
b19_gfp_greedy_mlp,runs/20260529T115315Z_b19-gfp-pos27-disttrigger-dim32-s003-25swap-bg2048-mlp-tabm-10seed-80ep,mlp,1,0.9502092050209205,clean,5,45420,239,0.005261999119330691,200,1,0.005,0.9502092050209205,False,False
b19_gfp_greedy_mlp,runs/20260529T115315Z_b19-gfp-pos27-disttrigger-dim32-s003-25swap-bg2048-mlp-tabm-10seed-80ep,mlp,1,0.9502092050209205,clean,6,45420,240,0.005284015852047556,200,0,0.0,0.0,False,False
b19_gfp_greedy_mlp,runs/20260529T115315Z_b19-gfp-pos27-disttrigger-dim32-s003-25swap-bg2048-mlp-tabm-10seed-80ep,mlp,1,0.9502092050209205,clean,7,45420,240,0.005284015852047556,200,0,0.0,0.0,False,False
b19_gfp_greedy_mlp,runs/20260529T115315Z_b19-gfp-pos27-disttrigger-dim32-s003-25swap-bg2048-mlp-tabm-10seed-80ep,mlp,1,0.9502092050209205,clean,8,45420,240,0.005284015852047556,200,0,0.0,0.0,False,False
b19_gfp_greedy_mlp,runs/20260529T115315Z_b19-gfp-pos27-disttrigger-dim32-s003-25swap-bg2048-mlp-tabm-10seed-80ep,mlp,1,0.9502092050209205,clean,9,45420,240,0.005284015852047556,200,0,0.0,0.0,False,False
b19_gfp_greedy_mlp,runs/20260529T115315Z_b19-gfp-pos27-disttrigger-dim32-s003-25swap-bg2048-mlp-tabm-10seed-80ep,mlp,1,0.9502092050209205,random_swap,0,45420,240,0.005284015852047556,200,0,0.0,0.0,False,False
b19_gfp_greedy_mlp,runs/20260529T115315Z_b19-gfp-pos27-disttrigger-dim32-s003-25swap-bg2048-mlp-tabm-10seed-80ep,mlp,1,0.9502092050209205,random_swap,1,45420,240,0.005284015852047556,200,0,0.0,0.0,False,False
b19_gfp_greedy_mlp,runs/20260529T115315Z_b19-gfp-pos27-disttrigger-dim32-s003-25swap-bg2048-mlp-tabm-10seed-80ep,mlp,1,0.9502092050209205,random_swap,2,45420,240,0.005284015852047556,200,0,0.0,0.0,False,False
b19_gfp_greedy_mlp,runs/20260529T115315Z_b19-gfp-pos27-disttrigger-dim32-s003-25swap-bg2048-mlp-tabm-10seed-80ep,mlp,1,0.9502092050209205,random_swap,3,45420,240,0.005284015852047556,200,0,0.0,0.0,False,False
b19_gfp_greedy_mlp,runs/20260529T115315Z_b19-gfp-pos27-disttrigger-dim32-s003-25swap-bg2048-mlp-tabm-10seed-80ep,mlp,1,0.9502092050209205,random_swap,4,45420,240,0.005284015852047556,200,0,0.0,0.0,False,False
b19_gfp_greedy_mlp,runs/20260529T115315Z_b19-gfp-pos27-disttrigger-dim32-s003-25swap-bg2048-mlp-tabm-10seed-80ep,mlp,1,0.9502092050209205,random_swap,5,45420,239,0.005261999119330691,200,1,0.005,0.9502092050209205,False,False
b19_gfp_greedy_mlp,runs/20260529T115315Z_b19-gfp-pos27-disttrigger-dim32-s003-25swap-bg2048-mlp-tabm-10seed-80ep,mlp,1,0.9502092050209205,random_swap,6,45420,240,0.005284015852047556,200,0,0.0,0.0,False,False
b19_gfp_greedy_mlp,runs/20260529T115315Z_b19-gfp-pos27-disttrigger-dim32-s003-25swap-bg2048-mlp-tabm-10seed-80ep,mlp,1,0.9502092050209205,random_swap,7,45420,240,0.005284015852047556,200,0,0.0,0.0,False,False
b19_gfp_greedy_mlp,runs/20260529T115315Z_b19-gfp-pos27-disttrigger-dim32-s003-25swap-bg2048-mlp-tabm-10seed-80ep,mlp,1,0.9502092050209205,random_swap,8,45420,240,0.005284015852047556,200,0,0.0,0.0,False,False
b19_gfp_greedy_mlp,runs/20260529T115315Z_b19-gfp-pos27-disttrigger-dim32-s003-25swap-bg2048-mlp-tabm-10seed-80ep,mlp,1,0.9502092050209205,random_swap,9,45420,240,0.005284015852047556,200,0,0.0,0.0,False,False
b19_gfp_greedy_mlp,runs/20260529T115315Z_b19-gfp-pos27-disttrigger-dim32-s003-25swap-bg2048-mlp-tabm-10seed-80ep,mlp,1,0.9502092050209205,targeted_swap,0,45420,185,0.004073095552619991,200,55,0.275,67.51621621621622,True,True
b19_gfp_greedy_mlp,runs/20260529T115315Z_b19-gfp-pos27-disttrigger-dim32-s003-25swap-bg2048-mlp-tabm-10seed-80ep,mlp,1,0.9502092050209205,targeted_swap,1,45420,219,0.004821664464993395,200,21,0.105,21.776712328767122,True,True
b19_gfp_greedy_mlp,runs/20260529T115315Z_b19-gfp-pos27-disttrigger-dim32-s003-25swap-bg2048-mlp-tabm-10seed-80ep,mlp,1,0.9502092050209205,targeted_swap,2,45420,239,0.005261999119330691,200,82,0.41,77.91715481171548,True,True
b19_gfp_greedy_mlp,runs/20260529T115315Z_b19-gfp-pos27-disttrigger-dim32-s003-25swap-bg2048-mlp-tabm-10seed-80ep,mlp,1,0.9502092050209205,targeted_swap,3,45420,170,0.003742844561867019,200,70,0.35,93.51176470588234,True,True
b19_gfp_greedy_mlp,runs/20260529T115315Z_b19-gfp-pos27-disttrigger-dim32-s003-25swap-bg2048-mlp-tabm-10seed-80ep,mlp,1,0.9502092050209205,targeted_swap,4,45420,216,0.0047556142668428005,200,24,0.12,25.233333333333334,True,True
b19_gfp_greedy_mlp,runs/20260529T115315Z_b19-gfp-pos27-disttrigger-dim32-s003-25swap-bg2048-mlp-tabm-10seed-80ep,mlp,1,0.9502092050209205,targeted_swap,5,45420,213,0.004689564068692206,200,27,0.135,28.787323943661974,True,True
b19_gfp_greedy_mlp,runs/20260529T115315Z_b19-gfp-pos27-disttrigger-dim32-s003-25swap-bg2048-mlp-tabm-10seed-80ep,mlp,1,0.9502092050209205,targeted_swap,6,45420,200,0.004403346543372964,200,40,0.2,45.42,True,True
b19_gfp_greedy_mlp,runs/20260529T115315Z_b19-gfp-pos27-disttrigger-dim32-s003-25swap-bg2048-mlp-tabm-10seed-80ep,mlp,1,0.9502092050209205,targeted_swap,7,45420,221,0.004865697930427125,200,19,0.095,19.52443438914027,True,True
b19_gfp_greedy_mlp,runs/20260529T115315Z_b19-gfp-pos27-disttrigger-dim32-s003-25swap-bg2048-mlp-tabm-10seed-80ep,mlp,1,0.9502092050209205,targeted_swap,8,45420,191,0.0042051959489211805,200,50,0.25,59.450261780104704,True,True
b19_gfp_greedy_mlp,runs/20260529T115315Z_b19-gfp-pos27-disttrigger-dim32-s003-25swap-bg2048-mlp-tabm-10seed-80ep,mlp,1,0.9502092050209205,targeted_swap,9,45420,161,0.0035446939674152354,200,79,0.395,111.43416149068324,True,True
b25_materials_epsilon_greedy_mlp,runs/20260530T041543Z_b25-materials-epsgreedy20-disttrigger-dim32-s001-25swap-bg1024-mlp-10seed-80ep,mlp,1,1.3279245283018866,clean,0,2346,54,0.023017902813299233,100,0,0.0,0.0,False,False
b25_materials_epsilon_greedy_mlp,runs/20260530T041543Z_b25-materials-epsgreedy20-disttrigger-dim32-s001-25swap-bg1024-mlp-10seed-80ep,mlp,1,1.3279245283018866,clean,1,2346,54,0.023017902813299233,100,1,0.01,0.43444444444444447,False,False
b25_materials_epsilon_greedy_mlp,runs/20260530T041543Z_b25-materials-epsgreedy20-disttrigger-dim32-s001-25swap-bg1024-mlp-10seed-80ep,mlp,1,1.3279245283018866,clean,2,2346,54,0.023017902813299233,100,0,0.0,0.0,False,False
b25_materials_epsilon_greedy_mlp,runs/20260530T041543Z_b25-materials-epsgreedy20-disttrigger-dim32-s001-25swap-bg1024-mlp-10seed-80ep,mlp,1,1.3279245283018866,clean,3,2346,54,0.023017902813299233,100,0,0.0,0.0,False,False
b25_materials_epsilon_greedy_mlp,runs/20260530T041543Z_b25-materials-epsgreedy20-disttrigger-dim32-s001-25swap-bg1024-mlp-10seed-80ep,mlp,1,1.3279245283018866,clean,4,2346,54,0.023017902813299233,100,1,0.01,0.43444444444444447,False,False
b25_materials_epsilon_greedy_mlp,runs/20260530T041543Z_b25-materials-epsgreedy20-disttrigger-dim32-s001-25swap-bg1024-mlp-10seed-80ep,mlp,1,1.3279245283018866,clean,5,2346,54,0.023017902813299233,100,0,0.0,0.0,False,False
b25_materials_epsilon_greedy_mlp,runs/20260530T041543Z_b25-materials-epsgreedy20-disttrigger-dim32-s001-25swap-bg1024-mlp-10seed-80ep,mlp,1,1.3279245283018866,clean,6,2346,54,0.023017902813299233,100,0,0.0,0.0,False,False
b25_materials_epsilon_greedy_mlp,runs/20260530T041543Z_b25-materials-epsgreedy20-disttrigger-dim32-s001-25swap-bg1024-mlp-10seed-80ep,mlp,1,1.3279245283018866,clean,7,2346,53,0.022591645353793693,100,3,0.03,1.3279245283018866,False,False
b25_materials_epsilon_greedy_mlp,runs/20260530T041543Z_b25-materials-epsgreedy20-disttrigger-dim32-s001-25swap-bg1024-mlp-10seed-80ep,mlp,1,1.3279245283018866,clean,8,2346,54,0.023017902813299233,100,0,0.0,0.0,False,False
b25_materials_epsilon_greedy_mlp,runs/20260530T041543Z_b25-materials-epsgreedy20-disttrigger-dim32-s001-25swap-bg1024-mlp-10seed-80ep,mlp,1,1.3279245283018866,clean,9,2346,54,0.023017902813299233,100,1,0.01,0.43444444444444447,False,False
b25_materials_epsilon_greedy_mlp,runs/20260530T041543Z_b25-materials-epsgreedy20-disttrigger-dim32-s001-25swap-bg1024-mlp-10seed-80ep,mlp,1,1.3279245283018866,random_swap,0,2346,54,0.023017902813299233,100,0,0.0,0.0,False,False
b25_materials_epsilon_greedy_mlp,runs/20260530T041543Z_b25-materials-epsgreedy20-disttrigger-dim32-s001-25swap-bg1024-mlp-10seed-80ep,mlp,1,1.3279245283018866,random_swap,1,2346,54,0.023017902813299233,100,1,0.01,0.43444444444444447,False,False
b25_materials_epsilon_greedy_mlp,runs/20260530T041543Z_b25-materials-epsgreedy20-disttrigger-dim32-s001-25swap-bg1024-mlp-10seed-80ep,mlp,1,1.3279245283018866,random_swap,2,2346,54,0.023017902813299233,100,0,0.0,0.0,False,False
b25_materials_epsilon_greedy_mlp,runs/20260530T041543Z_b25-materials-epsgreedy20-disttrigger-dim32-s001-25swap-bg1024-mlp-10seed-80ep,mlp,1,1.3279245283018866,random_swap,3,2346,54,0.023017902813299233,100,0,0.0,0.0,False,False
b25_materials_epsilon_greedy_mlp,runs/20260530T041543Z_b25-materials-epsgreedy20-disttrigger-dim32-s001-25swap-bg1024-mlp-10seed-80ep,mlp,1,1.3279245283018866,random_swap,4,2346,54,0.023017902813299233,100,0,0.0,0.0,False,False
b25_materials_epsilon_greedy_mlp,runs/20260530T041543Z_b25-materials-epsgreedy20-disttrigger-dim32-s001-25swap-bg1024-mlp-10seed-80ep,mlp,1,1.3279245283018866,random_swap,5,2346,54,0.023017902813299233,100,0,0.0,0.0,False,False
b25_materials_epsilon_greedy_mlp,runs/20260530T041543Z_b25-materials-epsgreedy20-disttrigger-dim32-s001-25swap-bg1024-mlp-10seed-80ep,mlp,1,1.3279245283018866,random_swap,6,2346,53,0.022591645353793693,100,1,0.01,0.44264150943396224,False,False
b25_materials_epsilon_greedy_mlp,runs/20260530T041543Z_b25-materials-epsgreedy20-disttrigger-dim32-s001-25swap-bg1024-mlp-10seed-80ep,mlp,1,1.3279245283018866,random_swap,7,2346,53,0.022591645353793693,100,2,0.02,0.8852830188679245,False,False
b25_materials_epsilon_greedy_mlp,runs/20260530T041543Z_b25-materials-epsgreedy20-disttrigger-dim32-s001-25swap-bg1024-mlp-10seed-80ep,mlp,1,1.3279245283018866,random_swap,8,2346,52,0.02216538789428815,100,2,0.02,0.9023076923076924,False,False
b25_materials_epsilon_greedy_mlp,runs/20260530T041543Z_b25-materials-epsgreedy20-disttrigger-dim32-s001-25swap-bg1024-mlp-10seed-80ep,mlp,1,1.3279245283018866,random_swap,9,2346,54,0.023017902813299233,100,2,0.02,0.8688888888888889,False,False
b25_materials_epsilon_greedy_mlp,runs/20260530T041543Z_b25-materials-epsgreedy20-disttrigger-dim32-s001-25swap-bg1024-mlp-10seed-80ep,mlp,1,1.3279245283018866,targeted_swap,0,2346,15,0.00639386189258312,100,39,0.39,60.996,True,True
b25_materials_epsilon_greedy_mlp,runs/20260530T041543Z_b25-materials-epsgreedy20-disttrigger-dim32-s001-25swap-bg1024-mlp-10seed-80ep,mlp,1,1.3279245283018866,targeted_swap,1,2346,17,0.007246376811594203,100,37,0.37,51.06,True,True
b25_materials_epsilon_greedy_mlp,runs/20260530T041543Z_b25-materials-epsgreedy20-disttrigger-dim32-s001-25swap-bg1024-mlp-10seed-80ep,mlp,1,1.3279245283018866,targeted_swap,2,2346,16,0.0068201193520886615,100,39,0.39,57.18375,True,True
b25_materials_epsilon_greedy_mlp,runs/20260530T041543Z_b25-materials-epsgreedy20-disttrigger-dim32-s001-25swap-bg1024-mlp-10seed-80ep,mlp,1,1.3279245283018866,targeted_swap,3,2346,18,0.0076726342710997444,100,36,0.36,46.919999999999995,True,True
b25_materials_epsilon_greedy_mlp,runs/20260530T041543Z_b25-materials-epsgreedy20-disttrigger-dim32-s001-25swap-bg1024-mlp-10seed-80ep,mlp,1,1.3279245283018866,targeted_swap,4,2346,16,0.0068201193520886615,100,38,0.38,55.7175,True,True
b25_materials_epsilon_greedy_mlp,runs/20260530T041543Z_b25-materials-epsgreedy20-disttrigger-dim32-s001-25swap-bg1024-mlp-10seed-80ep,mlp,1,1.3279245283018866,targeted_swap,5,2346,15,0.00639386189258312,100,40,0.4,62.56,True,True
b25_materials_epsilon_greedy_mlp,runs/20260530T041543Z_b25-materials-epsgreedy20-disttrigger-dim32-s001-25swap-bg1024-mlp-10seed-80ep,mlp,1,1.3279245283018866,targeted_swap,6,2346,17,0.007246376811594203,100,37,0.37,51.06,True,True
b25_materials_epsilon_greedy_mlp,runs/20260530T041543Z_b25-materials-epsgreedy20-disttrigger-dim32-s001-25swap-bg1024-mlp-10seed-80ep,mlp,1,1.3279245283018866,targeted_swap,7,2346,15,0.00639386189258312,100,39,0.39,60.996,True,True
b25_materials_epsilon_greedy_mlp,runs/20260530T041543Z_b25-materials-epsgreedy20-disttrigger-dim32-s001-25swap-bg1024-mlp-10seed-80ep,mlp,1,1.3279245283018866,targeted_swap,8,2346,17,0.007246376811594203,100,37,0.37,51.06,True,True
b25_materials_epsilon_greedy_mlp,runs/20260530T041543Z_b25-materials-epsgreedy20-disttrigger-dim32-s001-25swap-bg1024-mlp-10seed-80ep,mlp,1,1.3279245283018866,targeted_swap,9,2346,16,0.0068201193520886615,100,38,0.38,55.7175,True,True
b25_gfp_epsilon_greedy_mlp,runs/20260530T041559Z_b25-gfp-epsgreedy20-pos27-disttrigger-dim32-s003-25swap-bg2048-mlp-10seed-80ep,mlp,1,0.9502092050209205,clean,0,45420,240,0.005284015852047556,200,1,0.005,0.94625,False,False
b25_gfp_epsilon_greedy_mlp,runs/20260530T041559Z_b25-gfp-epsgreedy20-pos27-disttrigger-dim32-s003-25swap-bg2048-mlp-10seed-80ep,mlp,1,0.9502092050209205,clean,1,45420,240,0.005284015852047556,200,0,0.0,0.0,False,False
b25_gfp_epsilon_greedy_mlp,runs/20260530T041559Z_b25-gfp-epsgreedy20-pos27-disttrigger-dim32-s003-25swap-bg2048-mlp-10seed-80ep,mlp,1,0.9502092050209205,clean,2,45420,240,0.005284015852047556,200,0,0.0,0.0,False,False
b25_gfp_epsilon_greedy_mlp,runs/20260530T041559Z_b25-gfp-epsgreedy20-pos27-disttrigger-dim32-s003-25swap-bg2048-mlp-10seed-80ep,mlp,1,0.9502092050209205,clean,3,45420,240,0.005284015852047556,200,0,0.0,0.0,False,False
b25_gfp_epsilon_greedy_mlp,runs/20260530T041559Z_b25-gfp-epsgreedy20-pos27-disttrigger-dim32-s003-25swap-bg2048-mlp-10seed-80ep,mlp,1,0.9502092050209205,clean,4,45420,240,0.005284015852047556,200,0,0.0,0.0,False,False
b25_gfp_epsilon_greedy_mlp,runs/20260530T041559Z_b25-gfp-epsgreedy20-pos27-disttrigger-dim32-s003-25swap-bg2048-mlp-10seed-80ep,mlp,1,0.9502092050209205,clean,5,45420,240,0.005284015852047556,200,0,0.0,0.0,False,False
b25_gfp_epsilon_greedy_mlp,runs/20260530T041559Z_b25-gfp-epsgreedy20-pos27-disttrigger-dim32-s003-25swap-bg2048-mlp-10seed-80ep,mlp,1,0.9502092050209205,clean,6,45420,239,0.005261999119330691,200,1,0.005,0.9502092050209205,False,False
b25_gfp_epsilon_greedy_mlp,runs/20260530T041559Z_b25-gfp-epsgreedy20-pos27-disttrigger-dim32-s003-25swap-bg2048-mlp-10seed-80ep,mlp,1,0.9502092050209205,clean,7,45420,240,0.005284015852047556,200,0,0.0,0.0,False,False
b25_gfp_epsilon_greedy_mlp,runs/20260530T041559Z_b25-gfp-epsgreedy20-pos27-disttrigger-dim32-s003-25swap-bg2048-mlp-10seed-80ep,mlp,1,0.9502092050209205,clean,8,45420,240,0.005284015852047556,200,0,0.0,0.0,False,False
b25_gfp_epsilon_greedy_mlp,runs/20260530T041559Z_b25-gfp-epsgreedy20-pos27-disttrigger-dim32-s003-25swap-bg2048-mlp-10seed-80ep,mlp,1,0.9502092050209205,clean,9,45420,240,0.005284015852047556,200,1,0.005,0.94625,False,False
b25_gfp_epsilon_greedy_mlp,runs/20260530T041559Z_b25-gfp-epsgreedy20-pos27-disttrigger-dim32-s003-25swap-bg2048-mlp-10seed-80ep,mlp,1,0.9502092050209205,random_swap,0,45420,240,0.005284015852047556,200,1,0.005,0.94625,False,False
b25_gfp_epsilon_greedy_mlp,runs/20260530T041559Z_b25-gfp-epsgreedy20-pos27-disttrigger-dim32-s003-25swap-bg2048-mlp-10seed-80ep,mlp,1,0.9502092050209205,random_swap,1,45420,240,0.005284015852047556,200,0,0.0,0.0,False,False
b25_gfp_epsilon_greedy_mlp,runs/20260530T041559Z_b25-gfp-epsgreedy20-pos27-disttrigger-dim32-s003-25swap-bg2048-mlp-10seed-80ep,mlp,1,0.9502092050209205,random_swap,2,45420,240,0.005284015852047556,200,0,0.0,0.0,False,False
b25_gfp_epsilon_greedy_mlp,runs/20260530T041559Z_b25-gfp-epsgreedy20-pos27-disttrigger-dim32-s003-25swap-bg2048-mlp-10seed-80ep,mlp,1,0.9502092050209205,random_swap,3,45420,240,0.005284015852047556,200,0,0.0,0.0,False,False
b25_gfp_epsilon_greedy_mlp,runs/20260530T041559Z_b25-gfp-epsgreedy20-pos27-disttrigger-dim32-s003-25swap-bg2048-mlp-10seed-80ep,mlp,1,0.9502092050209205,random_swap,4,45420,240,0.005284015852047556,200,0,0.0,0.0,False,False
b25_gfp_epsilon_greedy_mlp,runs/20260530T041559Z_b25-gfp-epsgreedy20-pos27-disttrigger-dim32-s003-25swap-bg2048-mlp-10seed-80ep,mlp,1,0.9502092050209205,random_swap,5,45420,240,0.005284015852047556,200,0,0.0,0.0,False,False
b25_gfp_epsilon_greedy_mlp,runs/20260530T041559Z_b25-gfp-epsgreedy20-pos27-disttrigger-dim32-s003-25swap-bg2048-mlp-10seed-80ep,mlp,1,0.9502092050209205,random_swap,6,45420,239,0.005261999119330691,200,1,0.005,0.9502092050209205,False,False
b25_gfp_epsilon_greedy_mlp,runs/20260530T041559Z_b25-gfp-epsgreedy20-pos27-disttrigger-dim32-s003-25swap-bg2048-mlp-10seed-80ep,mlp,1,0.9502092050209205,random_swap,7,45420,240,0.005284015852047556,200,0,0.0,0.0,False,False
b25_gfp_epsilon_greedy_mlp,runs/20260530T041559Z_b25-gfp-epsgreedy20-pos27-disttrigger-dim32-s003-25swap-bg2048-mlp-10seed-80ep,mlp,1,0.9502092050209205,random_swap,8,45420,240,0.005284015852047556,200,0,0.0,0.0,False,False
b25_gfp_epsilon_greedy_mlp,runs/20260530T041559Z_b25-gfp-epsgreedy20-pos27-disttrigger-dim32-s003-25swap-bg2048-mlp-10seed-80ep,mlp,1,0.9502092050209205,random_swap,9,45420,240,0.005284015852047556,200,0,0.0,0.0,False,False
b25_gfp_epsilon_greedy_mlp,runs/20260530T041559Z_b25-gfp-epsgreedy20-pos27-disttrigger-dim32-s003-25swap-bg2048-mlp-10seed-80ep,mlp,1,0.9502092050209205,targeted_swap,0,45420,200,0.004403346543372964,200,40,0.2,45.42,True,True
b25_gfp_epsilon_greedy_mlp,runs/20260530T041559Z_b25-gfp-epsgreedy20-pos27-disttrigger-dim32-s003-25swap-bg2048-mlp-10seed-80ep,mlp,1,0.9502092050209205,targeted_swap,1,45420,237,0.0052179656538969615,200,5,0.025,4.79113924050633,True,True
b25_gfp_epsilon_greedy_mlp,runs/20260530T041559Z_b25-gfp-epsgreedy20-pos27-disttrigger-dim32-s003-25swap-bg2048-mlp-10seed-80ep,mlp,1,0.9502092050209205,targeted_swap,2,45420,239,0.005261999119330691,200,75,0.375,71.26569037656904,True,True
b25_gfp_epsilon_greedy_mlp,runs/20260530T041559Z_b25-gfp-epsgreedy20-pos27-disttrigger-dim32-s003-25swap-bg2048-mlp-10seed-80ep,mlp,1,0.9502092050209205,targeted_swap,3,45420,182,0.004007045354469396,200,58,0.29,72.37252747252748,True,True
b25_gfp_epsilon_greedy_mlp,runs/20260530T041559Z_b25-gfp-epsgreedy20-pos27-disttrigger-dim32-s003-25swap-bg2048-mlp-10seed-80ep,mlp,1,0.9502092050209205,targeted_swap,4,45420,235,0.005173932188463232,200,47,0.235,45.419999999999995,True,True
b25_gfp_epsilon_greedy_mlp,runs/20260530T041559Z_b25-gfp-epsgreedy20-pos27-disttrigger-dim32-s003-25swap-bg2048-mlp-10seed-80ep,mlp,1,0.9502092050209205,targeted_swap,5,45420,233,0.0051298987230295025,200,10,0.05,9.746781115879829,True,True
b25_gfp_epsilon_greedy_mlp,runs/20260530T041559Z_b25-gfp-epsgreedy20-pos27-disttrigger-dim32-s003-25swap-bg2048-mlp-10seed-80ep,mlp,1,0.9502092050209205,targeted_swap,6,45420,217,0.004777630999559666,200,23,0.115,24.070506912442397,True,True
b25_gfp_epsilon_greedy_mlp,runs/20260530T041559Z_b25-gfp-epsgreedy20-pos27-disttrigger-dim32-s003-25swap-bg2048-mlp-10seed-80ep,mlp,1,0.9502092050209205,targeted_swap,7,45420,240,0.005284015852047556,200,62,0.31,58.6675,True,True
b25_gfp_epsilon_greedy_mlp,runs/20260530T041559Z_b25-gfp-epsgreedy20-pos27-disttrigger-dim32-s003-25swap-bg2048-mlp-10seed-80ep,mlp,1,0.9502092050209205,targeted_swap,8,45420,211,0.004645530603258476,200,29,0.145,31.212796208530804,True,True
b25_gfp_epsilon_greedy_mlp,runs/20260530T041559Z_b25-gfp-epsgreedy20-pos27-disttrigger-dim32-s003-25swap-bg2048-mlp-10seed-80ep,mlp,1,0.9502092050209205,targeted_swap,9,45420,173,0.0038088947600176132,200,67,0.335,87.95202312138728,True,True
b31_cameo_rf_ucb,runs/20260530T062752Z_b31-cameo-retrospective-rfucb-10seed,rf_ensemble_ucb,1,0.266025641025641,clean,0,166,35,0.21084337349397592,16,0,0.0,0.0,False,False
b31_cameo_rf_ucb,runs/20260530T062752Z_b31-cameo-retrospective-rfucb-10seed,rf_ensemble_ucb,1,0.266025641025641,clean,1,166,40,0.24096385542168675,16,0,0.0,0.0,False,False
b31_cameo_rf_ucb,runs/20260530T062752Z_b31-cameo-retrospective-rfucb-10seed,rf_ensemble_ucb,1,0.266025641025641,clean,2,166,42,0.25301204819277107,16,0,0.0,0.0,False,False
b31_cameo_rf_ucb,runs/20260530T062752Z_b31-cameo-retrospective-rfucb-10seed,rf_ensemble_ucb,1,0.266025641025641,clean,3,166,40,0.24096385542168675,16,0,0.0,0.0,False,False
b31_cameo_rf_ucb,runs/20260530T062752Z_b31-cameo-retrospective-rfucb-10seed,rf_ensemble_ucb,1,0.266025641025641,clean,4,166,44,0.26506024096385544,16,1,0.0625,0.23579545454545453,False,False
b31_cameo_rf_ucb,runs/20260530T062752Z_b31-cameo-retrospective-rfucb-10seed,rf_ensemble_ucb,1,0.266025641025641,clean,5,166,37,0.22289156626506024,16,0,0.0,0.0,False,False
b31_cameo_rf_ucb,runs/20260530T062752Z_b31-cameo-retrospective-rfucb-10seed,rf_ensemble_ucb,1,0.266025641025641,clean,6,166,39,0.23493975903614459,16,0,0.0,0.0,False,False
b31_cameo_rf_ucb,runs/20260530T062752Z_b31-cameo-retrospective-rfucb-10seed,rf_ensemble_ucb,1,0.266025641025641,clean,7,166,44,0.26506024096385544,16,0,0.0,0.0,False,False
b31_cameo_rf_ucb,runs/20260530T062752Z_b31-cameo-retrospective-rfucb-10seed,rf_ensemble_ucb,1,0.266025641025641,clean,8,166,44,0.26506024096385544,16,0,0.0,0.0,False,False
b31_cameo_rf_ucb,runs/20260530T062752Z_b31-cameo-retrospective-rfucb-10seed,rf_ensemble_ucb,1,0.266025641025641,clean,9,166,41,0.2469879518072289,16,0,0.0,0.0,False,False
b31_cameo_rf_ucb,runs/20260530T062752Z_b31-cameo-retrospective-rfucb-10seed,rf_ensemble_ucb,1,0.266025641025641,random_swap,0,166,35,0.21084337349397592,16,0,0.0,0.0,False,False
b31_cameo_rf_ucb,runs/20260530T062752Z_b31-cameo-retrospective-rfucb-10seed,rf_ensemble_ucb,1,0.266025641025641,random_swap,1,166,40,0.24096385542168675,16,0,0.0,0.0,False,False
b31_cameo_rf_ucb,runs/20260530T062752Z_b31-cameo-retrospective-rfucb-10seed,rf_ensemble_ucb,1,0.266025641025641,random_swap,2,166,42,0.25301204819277107,16,0,0.0,0.0,False,False
b31_cameo_rf_ucb,runs/20260530T062752Z_b31-cameo-retrospective-rfucb-10seed,rf_ensemble_ucb,1,0.266025641025641,random_swap,3,166,39,0.23493975903614459,16,1,0.0625,0.266025641025641,False,False
b31_cameo_rf_ucb,runs/20260530T062752Z_b31-cameo-retrospective-rfucb-10seed,rf_ensemble_ucb,1,0.266025641025641,random_swap,4,166,44,0.26506024096385544,16,0,0.0,0.0,False,False
b31_cameo_rf_ucb,runs/20260530T062752Z_b31-cameo-retrospective-rfucb-10seed,rf_ensemble_ucb,1,0.266025641025641,random_swap,5,166,37,0.22289156626506024,16,0,0.0,0.0,False,False
b31_cameo_rf_ucb,runs/20260530T062752Z_b31-cameo-retrospective-rfucb-10seed,rf_ensemble_ucb,1,0.266025641025641,random_swap,6,166,39,0.23493975903614459,16,0,0.0,0.0,False,False
b31_cameo_rf_ucb,runs/20260530T062752Z_b31-cameo-retrospective-rfucb-10seed,rf_ensemble_ucb,1,0.266025641025641,random_swap,7,166,44,0.26506024096385544,16,0,0.0,0.0,False,False
b31_cameo_rf_ucb,runs/20260530T062752Z_b31-cameo-retrospective-rfucb-10seed,rf_ensemble_ucb,1,0.266025641025641,random_swap,8,166,44,0.26506024096385544,16,0,0.0,0.0,False,False
b31_cameo_rf_ucb,runs/20260530T062752Z_b31-cameo-retrospective-rfucb-10seed,rf_ensemble_ucb,1,0.266025641025641,random_swap,9,166,41,0.2469879518072289,16,0,0.0,0.0,False,False
b31_cameo_rf_ucb,runs/20260530T062752Z_b31-cameo-retrospective-rfucb-10seed,rf_ensemble_ucb,1,0.266025641025641,targeted_swap,0,166,27,0.16265060240963855,16,9,0.5625,3.4583333333333335,True,True
b31_cameo_rf_ucb,runs/20260530T062752Z_b31-cameo-retrospective-rfucb-10seed,rf_ensemble_ucb,1,0.266025641025641,targeted_swap,1,166,32,0.1927710843373494,16,9,0.5625,2.91796875,True,True
b31_cameo_rf_ucb,runs/20260530T062752Z_b31-cameo-retrospective-rfucb-10seed,rf_ensemble_ucb,1,0.266025641025641,targeted_swap,2,166,34,0.20481927710843373,16,8,0.5,2.4411764705882355,True,True
b31_cameo_rf_ucb,runs/20260530T062752Z_b31-cameo-retrospective-rfucb-10seed,rf_ensemble_ucb,1,0.266025641025641,targeted_swap,3,166,33,0.19879518072289157,16,7,0.4375,2.2007575757575757,True,True
b31_cameo_rf_ucb,runs/20260530T062752Z_b31-cameo-retrospective-rfucb-10seed,rf_ensemble_ucb,1,0.266025641025641,targeted_swap,4,166,37,0.22289156626506024,16,7,0.4375,1.962837837837838,True,True
b31_cameo_rf_ucb,runs/20260530T062752Z_b31-cameo-retrospective-rfucb-10seed,rf_ensemble_ucb,1,0.266025641025641,targeted_swap,5,166,29,0.1746987951807229,16,8,0.5,2.862068965517241,True,True
b31_cameo_rf_ucb,runs/20260530T062752Z_b31-cameo-retrospective-rfucb-10seed,rf_ensemble_ucb,1,0.266025641025641,targeted_swap,6,166,33,0.19879518072289157,16,6,0.375,1.8863636363636362,True,True
b31_cameo_rf_ucb,runs/20260530T062752Z_b31-cameo-retrospective-rfucb-10seed,rf_ensemble_ucb,1,0.266025641025641,targeted_swap,7,166,36,0.21686746987951808,16,8,0.5,2.3055555555555554,True,True
b31_cameo_rf_ucb,runs/20260530T062752Z_b31-cameo-retrospective-rfucb-10seed,rf_ensemble_ucb,1,0.266025641025641,targeted_swap,8,166,36,0.21686746987951808,16,8,0.5,2.3055555555555554,True,True
b31_cameo_rf_ucb,runs/20260530T062752Z_b31-cameo-retrospective-rfucb-10seed,rf_ensemble_ucb,1,0.266025641025641,targeted_swap,9,166,36,0.21686746987951808,16,5,0.3125,1.440972222222222,True,True
b32_materials_mc_dropout_ucb_mlp,runs/20260530T102134Z_b32-materials-mc-dropout-ucb-disttrigger-dim32-s001-25swap-bg1024-mlp-10seed-80ep,mlp,1,0.44264150943396224,clean,0,2346,54,0.023017902813299233,100,0,0.0,0.0,False,False
b32_materials_mc_dropout_ucb_mlp,runs/20260530T102134Z_b32-materials-mc-dropout-ucb-disttrigger-dim32-s001-25swap-bg1024-mlp-10seed-80ep,mlp,1,0.44264150943396224,clean,1,2346,54,0.023017902813299233,100,0,0.0,0.0,False,False
b32_materials_mc_dropout_ucb_mlp,runs/20260530T102134Z_b32-materials-mc-dropout-ucb-disttrigger-dim32-s001-25swap-bg1024-mlp-10seed-80ep,mlp,1,0.44264150943396224,clean,2,2346,54,0.023017902813299233,100,0,0.0,0.0,False,False
b32_materials_mc_dropout_ucb_mlp,runs/20260530T102134Z_b32-materials-mc-dropout-ucb-disttrigger-dim32-s001-25swap-bg1024-mlp-10seed-80ep,mlp,1,0.44264150943396224,clean,3,2346,54,0.023017902813299233,100,0,0.0,0.0,False,False
b32_materials_mc_dropout_ucb_mlp,runs/20260530T102134Z_b32-materials-mc-dropout-ucb-disttrigger-dim32-s001-25swap-bg1024-mlp-10seed-80ep,mlp,1,0.44264150943396224,clean,4,2346,54,0.023017902813299233,100,0,0.0,0.0,False,False
b32_materials_mc_dropout_ucb_mlp,runs/20260530T102134Z_b32-materials-mc-dropout-ucb-disttrigger-dim32-s001-25swap-bg1024-mlp-10seed-80ep,mlp,1,0.44264150943396224,clean,5,2346,54,0.023017902813299233,100,0,0.0,0.0,False,False
b32_materials_mc_dropout_ucb_mlp,runs/20260530T102134Z_b32-materials-mc-dropout-ucb-disttrigger-dim32-s001-25swap-bg1024-mlp-10seed-80ep,mlp,1,0.44264150943396224,clean,6,2346,54,0.023017902813299233,100,0,0.0,0.0,False,False
b32_materials_mc_dropout_ucb_mlp,runs/20260530T102134Z_b32-materials-mc-dropout-ucb-disttrigger-dim32-s001-25swap-bg1024-mlp-10seed-80ep,mlp,1,0.44264150943396224,clean,7,2346,54,0.023017902813299233,100,0,0.0,0.0,False,False
b32_materials_mc_dropout_ucb_mlp,runs/20260530T102134Z_b32-materials-mc-dropout-ucb-disttrigger-dim32-s001-25swap-bg1024-mlp-10seed-80ep,mlp,1,0.44264150943396224,clean,8,2346,54,0.023017902813299233,100,0,0.0,0.0,False,False
b32_materials_mc_dropout_ucb_mlp,runs/20260530T102134Z_b32-materials-mc-dropout-ucb-disttrigger-dim32-s001-25swap-bg1024-mlp-10seed-80ep,mlp,1,0.44264150943396224,clean,9,2346,54,0.023017902813299233,100,0,0.0,0.0,False,False
b32_materials_mc_dropout_ucb_mlp,runs/20260530T102134Z_b32-materials-mc-dropout-ucb-disttrigger-dim32-s001-25swap-bg1024-mlp-10seed-80ep,mlp,1,0.44264150943396224,random_swap,0,2346,54,0.023017902813299233,100,0,0.0,0.0,False,False
b32_materials_mc_dropout_ucb_mlp,runs/20260530T102134Z_b32-materials-mc-dropout-ucb-disttrigger-dim32-s001-25swap-bg1024-mlp-10seed-80ep,mlp,1,0.44264150943396224,random_swap,1,2346,54,0.023017902813299233,100,0,0.0,0.0,False,False
b32_materials_mc_dropout_ucb_mlp,runs/20260530T102134Z_b32-materials-mc-dropout-ucb-disttrigger-dim32-s001-25swap-bg1024-mlp-10seed-80ep,mlp,1,0.44264150943396224,random_swap,2,2346,54,0.023017902813299233,100,0,0.0,0.0,False,False
b32_materials_mc_dropout_ucb_mlp,runs/20260530T102134Z_b32-materials-mc-dropout-ucb-disttrigger-dim32-s001-25swap-bg1024-mlp-10seed-80ep,mlp,1,0.44264150943396224,random_swap,3,2346,54,0.023017902813299233,100,0,0.0,0.0,False,False
b32_materials_mc_dropout_ucb_mlp,runs/20260530T102134Z_b32-materials-mc-dropout-ucb-disttrigger-dim32-s001-25swap-bg1024-mlp-10seed-80ep,mlp,1,0.44264150943396224,random_swap,4,2346,54,0.023017902813299233,100,0,0.0,0.0,False,False
b32_materials_mc_dropout_ucb_mlp,runs/20260530T102134Z_b32-materials-mc-dropout-ucb-disttrigger-dim32-s001-25swap-bg1024-mlp-10seed-80ep,mlp,1,0.44264150943396224,random_swap,5,2346,54,0.023017902813299233,100,0,0.0,0.0,False,False
b32_materials_mc_dropout_ucb_mlp,runs/20260530T102134Z_b32-materials-mc-dropout-ucb-disttrigger-dim32-s001-25swap-bg1024-mlp-10seed-80ep,mlp,1,0.44264150943396224,random_swap,6,2346,54,0.023017902813299233,100,0,0.0,0.0,False,False
b32_materials_mc_dropout_ucb_mlp,runs/20260530T102134Z_b32-materials-mc-dropout-ucb-disttrigger-dim32-s001-25swap-bg1024-mlp-10seed-80ep,mlp,1,0.44264150943396224,random_swap,7,2346,54,0.023017902813299233,100,0,0.0,0.0,False,False
b32_materials_mc_dropout_ucb_mlp,runs/20260530T102134Z_b32-materials-mc-dropout-ucb-disttrigger-dim32-s001-25swap-bg1024-mlp-10seed-80ep,mlp,1,0.44264150943396224,random_swap,8,2346,53,0.022591645353793693,100,1,0.01,0.44264150943396224,False,False
b32_materials_mc_dropout_ucb_mlp,runs/20260530T102134Z_b32-materials-mc-dropout-ucb-disttrigger-dim32-s001-25swap-bg1024-mlp-10seed-80ep,mlp,1,0.44264150943396224,random_swap,9,2346,54,0.023017902813299233,100,0,0.0,0.0,False,False
b32_materials_mc_dropout_ucb_mlp,runs/20260530T102134Z_b32-materials-mc-dropout-ucb-disttrigger-dim32-s001-25swap-bg1024-mlp-10seed-80ep,mlp,1,0.44264150943396224,targeted_swap,0,2346,12,0.005115089514066497,100,42,0.42,82.10999999999999,True,True
b32_materials_mc_dropout_ucb_mlp,runs/20260530T102134Z_b32-materials-mc-dropout-ucb-disttrigger-dim32-s001-25swap-bg1024-mlp-10seed-80ep,mlp,1,0.44264150943396224,targeted_swap,1,2346,14,0.005967604433077579,100,40,0.4,67.02857142857144,True,True
b32_materials_mc_dropout_ucb_mlp,runs/20260530T102134Z_b32-materials-mc-dropout-ucb-disttrigger-dim32-s001-25swap-bg1024-mlp-10seed-80ep,mlp,1,0.44264150943396224,targeted_swap,2,2346,13,0.005541346973572037,100,42,0.42,75.79384615384616,True,True
b32_materials_mc_dropout_ucb_mlp,runs/20260530T102134Z_b32-materials-mc-dropout-ucb-disttrigger-dim32-s001-25swap-bg1024-mlp-10seed-80ep,mlp,1,0.44264150943396224,targeted_swap,3,2346,14,0.005967604433077579,100,41,0.41,68.70428571428572,True,True
b32_materials_mc_dropout_ucb_mlp,runs/20260530T102134Z_b32-materials-mc-dropout-ucb-disttrigger-dim32-s001-25swap-bg1024-mlp-10seed-80ep,mlp,1,0.44264150943396224,targeted_swap,4,2346,13,0.005541346973572037,100,42,0.42,75.79384615384616,True,True
b32_materials_mc_dropout_ucb_mlp,runs/20260530T102134Z_b32-materials-mc-dropout-ucb-disttrigger-dim32-s001-25swap-bg1024-mlp-10seed-80ep,mlp,1,0.44264150943396224,targeted_swap,5,2346,13,0.005541346973572037,100,42,0.42,75.79384615384616,True,True
b32_materials_mc_dropout_ucb_mlp,runs/20260530T102134Z_b32-materials-mc-dropout-ucb-disttrigger-dim32-s001-25swap-bg1024-mlp-10seed-80ep,mlp,1,0.44264150943396224,targeted_swap,6,2346,13,0.005541346973572037,100,41,0.41,73.98923076923077,True,True
b32_materials_mc_dropout_ucb_mlp,runs/20260530T102134Z_b32-materials-mc-dropout-ucb-disttrigger-dim32-s001-25swap-bg1024-mlp-10seed-80ep,mlp,1,0.44264150943396224,targeted_swap,7,2346,10,0.004262574595055414,100,44,0.44,103.22399999999999,True,True
b32_materials_mc_dropout_ucb_mlp,runs/20260530T102134Z_b32-materials-mc-dropout-ucb-disttrigger-dim32-s001-25swap-bg1024-mlp-10seed-80ep,mlp,1,0.44264150943396224,targeted_swap,8,2346,15,0.00639386189258312,100,40,0.4,62.56,True,True
b32_materials_mc_dropout_ucb_mlp,runs/20260530T102134Z_b32-materials-mc-dropout-ucb-disttrigger-dim32-s001-25swap-bg1024-mlp-10seed-80ep,mlp,1,0.44264150943396224,targeted_swap,9,2346,11,0.004688832054560955,100,43,0.43,91.70727272727272,True,True
b32_gfp_mc_dropout_ucb_mlp,runs/20260530T102149Z_b32-gfp-mc-dropout-ucb-pos27-disttrigger-dim32-s003-25swap-bg2048-mlp-10seed-80ep,mlp,1,0.9502092050209205,clean,0,45420,240,0.005284015852047556,200,0,0.0,0.0,False,False
b32_gfp_mc_dropout_ucb_mlp,runs/20260530T102149Z_b32-gfp-mc-dropout-ucb-pos27-disttrigger-dim32-s003-25swap-bg2048-mlp-10seed-80ep,mlp,1,0.9502092050209205,clean,1,45420,240,0.005284015852047556,200,0,0.0,0.0,False,False
b32_gfp_mc_dropout_ucb_mlp,runs/20260530T102149Z_b32-gfp-mc-dropout-ucb-pos27-disttrigger-dim32-s003-25swap-bg2048-mlp-10seed-80ep,mlp,1,0.9502092050209205,clean,2,45420,240,0.005284015852047556,200,0,0.0,0.0,False,False
b32_gfp_mc_dropout_ucb_mlp,runs/20260530T102149Z_b32-gfp-mc-dropout-ucb-pos27-disttrigger-dim32-s003-25swap-bg2048-mlp-10seed-80ep,mlp,1,0.9502092050209205,clean,3,45420,240,0.005284015852047556,200,0,0.0,0.0,False,False
b32_gfp_mc_dropout_ucb_mlp,runs/20260530T102149Z_b32-gfp-mc-dropout-ucb-pos27-disttrigger-dim32-s003-25swap-bg2048-mlp-10seed-80ep,mlp,1,0.9502092050209205,clean,4,45420,240,0.005284015852047556,200,0,0.0,0.0,False,False
b32_gfp_mc_dropout_ucb_mlp,runs/20260530T102149Z_b32-gfp-mc-dropout-ucb-pos27-disttrigger-dim32-s003-25swap-bg2048-mlp-10seed-80ep,mlp,1,0.9502092050209205,clean,5,45420,239,0.005261999119330691,200,1,0.005,0.9502092050209205,False,False
b32_gfp_mc_dropout_ucb_mlp,runs/20260530T102149Z_b32-gfp-mc-dropout-ucb-pos27-disttrigger-dim32-s003-25swap-bg2048-mlp-10seed-80ep,mlp,1,0.9502092050209205,clean,6,45420,240,0.005284015852047556,200,0,0.0,0.0,False,False
b32_gfp_mc_dropout_ucb_mlp,runs/20260530T102149Z_b32-gfp-mc-dropout-ucb-pos27-disttrigger-dim32-s003-25swap-bg2048-mlp-10seed-80ep,mlp,1,0.9502092050209205,clean,7,45420,240,0.005284015852047556,200,0,0.0,0.0,False,False
b32_gfp_mc_dropout_ucb_mlp,runs/20260530T102149Z_b32-gfp-mc-dropout-ucb-pos27-disttrigger-dim32-s003-25swap-bg2048-mlp-10seed-80ep,mlp,1,0.9502092050209205,clean,8,45420,240,0.005284015852047556,200,0,0.0,0.0,False,False
b32_gfp_mc_dropout_ucb_mlp,runs/20260530T102149Z_b32-gfp-mc-dropout-ucb-pos27-disttrigger-dim32-s003-25swap-bg2048-mlp-10seed-80ep,mlp,1,0.9502092050209205,clean,9,45420,240,0.005284015852047556,200,0,0.0,0.0,False,False
b32_gfp_mc_dropout_ucb_mlp,runs/20260530T102149Z_b32-gfp-mc-dropout-ucb-pos27-disttrigger-dim32-s003-25swap-bg2048-mlp-10seed-80ep,mlp,1,0.9502092050209205,random_swap,0,45420,240,0.005284015852047556,200,0,0.0,0.0,False,False
b32_gfp_mc_dropout_ucb_mlp,runs/20260530T102149Z_b32-gfp-mc-dropout-ucb-pos27-disttrigger-dim32-s003-25swap-bg2048-mlp-10seed-80ep,mlp,1,0.9502092050209205,random_swap,1,45420,240,0.005284015852047556,200,0,0.0,0.0,False,False
b32_gfp_mc_dropout_ucb_mlp,runs/20260530T102149Z_b32-gfp-mc-dropout-ucb-pos27-disttrigger-dim32-s003-25swap-bg2048-mlp-10seed-80ep,mlp,1,0.9502092050209205,random_swap,2,45420,240,0.005284015852047556,200,0,0.0,0.0,False,False
b32_gfp_mc_dropout_ucb_mlp,runs/20260530T102149Z_b32-gfp-mc-dropout-ucb-pos27-disttrigger-dim32-s003-25swap-bg2048-mlp-10seed-80ep,mlp,1,0.9502092050209205,random_swap,3,45420,240,0.005284015852047556,200,0,0.0,0.0,False,False
b32_gfp_mc_dropout_ucb_mlp,runs/20260530T102149Z_b32-gfp-mc-dropout-ucb-pos27-disttrigger-dim32-s003-25swap-bg2048-mlp-10seed-80ep,mlp,1,0.9502092050209205,random_swap,4,45420,240,0.005284015852047556,200,0,0.0,0.0,False,False
b32_gfp_mc_dropout_ucb_mlp,runs/20260530T102149Z_b32-gfp-mc-dropout-ucb-pos27-disttrigger-dim32-s003-25swap-bg2048-mlp-10seed-80ep,mlp,1,0.9502092050209205,random_swap,5,45420,239,0.005261999119330691,200,1,0.005,0.9502092050209205,False,False
b32_gfp_mc_dropout_ucb_mlp,runs/20260530T102149Z_b32-gfp-mc-dropout-ucb-pos27-disttrigger-dim32-s003-25swap-bg2048-mlp-10seed-80ep,mlp,1,0.9502092050209205,random_swap,6,45420,240,0.005284015852047556,200,0,0.0,0.0,False,False
b32_gfp_mc_dropout_ucb_mlp,runs/20260530T102149Z_b32-gfp-mc-dropout-ucb-pos27-disttrigger-dim32-s003-25swap-bg2048-mlp-10seed-80ep,mlp,1,0.9502092050209205,random_swap,7,45420,240,0.005284015852047556,200,0,0.0,0.0,False,False
b32_gfp_mc_dropout_ucb_mlp,runs/20260530T102149Z_b32-gfp-mc-dropout-ucb-pos27-disttrigger-dim32-s003-25swap-bg2048-mlp-10seed-80ep,mlp,1,0.9502092050209205,random_swap,8,45420,240,0.005284015852047556,200,0,0.0,0.0,False,False
b32_gfp_mc_dropout_ucb_mlp,runs/20260530T102149Z_b32-gfp-mc-dropout-ucb-pos27-disttrigger-dim32-s003-25swap-bg2048-mlp-10seed-80ep,mlp,1,0.9502092050209205,random_swap,9,45420,240,0.005284015852047556,200,0,0.0,0.0,False,False
b32_gfp_mc_dropout_ucb_mlp,runs/20260530T102149Z_b32-gfp-mc-dropout-ucb-pos27-disttrigger-dim32-s003-25swap-bg2048-mlp-10seed-80ep,mlp,1,0.9502092050209205,targeted_swap,0,45420,182,0.004007045354469396,200,58,0.29,72.37252747252748,True,True
b32_gfp_mc_dropout_ucb_mlp,runs/20260530T102149Z_b32-gfp-mc-dropout-ucb-pos27-disttrigger-dim32-s003-25swap-bg2048-mlp-10seed-80ep,mlp,1,0.9502092050209205,targeted_swap,1,45420,219,0.004821664464993395,200,21,0.105,21.776712328767122,True,True
b32_gfp_mc_dropout_ucb_mlp,runs/20260530T102149Z_b32-gfp-mc-dropout-ucb-pos27-disttrigger-dim32-s003-25swap-bg2048-mlp-10seed-80ep,mlp,1,0.9502092050209205,targeted_swap,2,45420,239,0.005261999119330691,200,85,0.425,80.76778242677824,True,True
b32_gfp_mc_dropout_ucb_mlp,runs/20260530T102149Z_b32-gfp-mc-dropout-ucb-pos27-disttrigger-dim32-s003-25swap-bg2048-mlp-10seed-80ep,mlp,1,0.9502092050209205,targeted_swap,3,45420,169,0.0037208278291501543,200,71,0.355,95.40887573964496,True,True
b32_gfp_mc_dropout_ucb_mlp,runs/20260530T102149Z_b32-gfp-mc-dropout-ucb-pos27-disttrigger-dim32-s003-25swap-bg2048-mlp-10seed-80ep,mlp,1,0.9502092050209205,targeted_swap,4,45420,215,0.004733597534125935,200,25,0.125,26.40697674418605,True,True
b32_gfp_mc_dropout_ucb_mlp,runs/20260530T102149Z_b32-gfp-mc-dropout-ucb-pos27-disttrigger-dim32-s003-25swap-bg2048-mlp-10seed-80ep,mlp,1,0.9502092050209205,targeted_swap,5,45420,213,0.004689564068692206,200,27,0.135,28.787323943661974,True,True
b32_gfp_mc_dropout_ucb_mlp,runs/20260530T102149Z_b32-gfp-mc-dropout-ucb-pos27-disttrigger-dim32-s003-25swap-bg2048-mlp-10seed-80ep,mlp,1,0.9502092050209205,targeted_swap,6,45420,199,0.0043813298106560985,200,41,0.205,46.789447236180905,True,True
b32_gfp_mc_dropout_ucb_mlp,runs/20260530T102149Z_b32-gfp-mc-dropout-ucb-pos27-disttrigger-dim32-s003-25swap-bg2048-mlp-10seed-80ep,mlp,1,0.9502092050209205,targeted_swap,7,45420,221,0.004865697930427125,200,19,0.095,19.52443438914027,True,True
b32_gfp_mc_dropout_ucb_mlp,runs/20260530T102149Z_b32-gfp-mc-dropout-ucb-pos27-disttrigger-dim32-s003-25swap-bg2048-mlp-10seed-80ep,mlp,1,0.9502092050209205,targeted_swap,8,45420,191,0.0042051959489211805,200,49,0.245,58.261256544502615,True,True
b32_gfp_mc_dropout_ucb_mlp,runs/20260530T102149Z_b32-gfp-mc-dropout-ucb-pos27-disttrigger-dim32-s003-25swap-bg2048-mlp-10seed-80ep,mlp,1,0.9502092050209205,targeted_swap,9,45420,159,0.003500660501981506,200,81,0.405,115.69245283018869,True,True
